{"cameraMode":{"drawMode":0,"name":"Shaded","section":"Shading Mode"},"sceneLighting":true,"audioPlay":false,"sceneViewState":{"m_AlwaysRefresh":false,"showFog":true,"showSkybox":true,"showFlares":true,"showImageEffects":true,"showParticleSystems":true,"showVisualEffectGraphs":true,"m_FxEnabled":true},"in2DMode":false,"pivot":{"x":0.9814519882202148,"y":1.2522380352020264,"z":0.9785933494567871},"rotation":{"x":-0.14202187955379487,"y":0.10639651119709015,"z":-0.016022268682718278,"w":-0.9841620326042175},"size":1.9958046674728394,"orthographic":true}